1	佐藤直紀
2	佐藤直紀
3	佐藤直紀
4	佐藤直紀
5	渡辺宙明
6	佐藤直紀
7	佐藤直紀
8	佐藤直紀
9	佐藤直紀
10	佐藤直紀
11	渡辺宙明
12	大石憲一郎
13	佐藤直紀
14	上杉洋史
15	YOFFY,大石憲一郎
16	佐藤直紀
17
18	上杉洋史
19	大石憲一郎
20	上杉洋史
21	上杉洋史
22
23
24	佐藤直紀
25	佐藤直紀
26	佐藤直紀
27	佐藤直紀
28	樫原伸彦
29	川本盛文
30	大石憲一郎
31	川本盛文
32	大石憲一郎
33	大石憲一郎
34	川本盛文
35	大石憲一郎
36	加藤みちあき
37	山中紀昌
38	大石憲一郎
39	山中紀昌
40	佐藤直紀
41	山中紀昌
42	加藤みちあき
43	佐藤直紀
44	大石憲一郎
45	大石憲一郎
46	樫原伸彦
47	樫原伸彦
48	大石憲一郎
49
50
51	加藤みちあき
52	h-wonder
53	高橋諭一
54
55	樫原伸彦
56	佐藤直紀
57	佐藤直紀
58	佐藤直紀
59	家原正樹
60	家原正樹
61	家原正樹
62	籠島裕昌,川瀬智
63	SOMEHOW'S
64	高木洋
65	神津裕之
66	籠島裕昌
67	神津裕之
68	高木洋
69	SOMEHOW'S
70	籠島裕昌
71	佐藤和郎
72	大石憲一郎
73	高木洋
74	佐藤和郎
75	大石憲一郎
76	岩切芳郎
77	高木洋
78	家原正樹
79	家原正樹
80	家原正樹
81	家原正樹
82	家原正樹
83	久保田光太郎,marhy
84	多田三洋
85	神津裕之
86	籠島裕昌
87	高木洋
88	岩切芳郎
89	大石憲一郎
90	高木洋
91
92	神津裕之
93	神津裕之
94	大石憲一郎
95	神津裕之
96	神津裕之
97	大石憲一郎
98	池田森
99	鶴田勇気
100	池田森
101	籠島裕昌
102	家原正樹
103	大石憲一郎
104	大石憲一郎
105	大石憲一郎
106	大石憲一郎
107	大石憲一郎
108	大石憲一郎
109	家原正樹
110	家原正樹
111	籠島裕昌,亀山耕一郎
112	籠島裕昌
113	籠島裕昌
114	籠島裕昌
115	神津裕之
116	岩切芳郎
117	岩切芳郎
118	籠島裕昌
119	神津裕之
120	高木洋
121	高木洋
122	関淳二郎
123	高木洋
124	大石憲一郎
125	高木洋
126	関淳二郎
127	大石憲一郎
128	関淳二郎
129	神津裕之
130	大石憲一郎
131	高木洋
132	家原正樹
133
134
135
136
137
138
139
140	籠島裕昌,亀山耕一郎
141	亀山耕一郎
142	亀山耕一郎,村田昭
143	亀山耕一郎
144	村田昭、marhy
145	Funta7
146	田口智則
147	Funta7
148	Funta7
149	草野よしひろ
150	籠島裕昌
151	水谷広実
152	三浦誠司
153	Funta7
154	藤澤健至
155	Funta7
156	水谷広実
157	亀山耕一郎,水谷広美
158	水谷広実
159	梅堀淳
160	Funta7
161	梅堀淳
162	籠島裕昌
163	村田昭,marhy
164	亀山耕一郎,村田昭
165	村田昭,marhy
166	籠島裕昌
167	久保田光太郎
168	籠島裕昌
169	籠島裕昌
170	水谷広実
171	藤澤健至
172	藤澤健至
173	藤澤健至
174
175	Star☆Pops
176	籠島裕昌
177	林達志
178	笹本安詞
179	Star☆Pops
180	Funta7
181
182	笹本安詞
183	梅堀淳
184	籠島裕昌
185	EQ
186	笹本安詞
187	上田益
188	Funta7
189	Funta7
190	草野よしひろ
191	川瀬智
192
193
194
195
196
197
198
199
200	久保田光太郎
201	久保田光太郎
202	籠島裕昌
203	Mine-Chang
204	籠島裕昌
205	梅堀淳
206	水谷広実
207	藤澤健至
208	笹本安詞
209	EQ
210	大石憲一郎
211	高梨康治
212	Funta7
213	藤澤健至
214	HΛL
215	Funta7
216	笹本安詞
217	Funta7
218	大石憲一郎
219	谷本貴義
220	笹本安詞
221	籠島裕昌
222	籠島裕昌
223	高梨康治
224	籠島裕昌
225	斎藤悠弥
226	籠島裕昌
227	藤澤健至
228	斎藤悠弥
229	藤澤健至
230	橋本由香利
231	高木洋
232	岡部啓一
233	Funta7
234	笹本安詞
235	籠島裕昌
236	塚本けむ
237	斎藤悠弥
238	菊谷知樹
239	藤澤健至
240	大久保薫
241	河合英嗣
242	塚本けむ
243	山口朗彦
244	山口朗彦
245	佐藤五魚
246	大久保薫
247
248	高梨康治
249
250	池田大介
251	利根川貴之,Dr.Usui
252	Dr.Usui,Wicky.Recordings
253	利根川貴之,Dr.Usui
254	大久保薫
255	山口朗彦
256	河合英嗣
257	菊谷知樹
258	山口朗彦
259	松田彬人
260	西岡和哉
261	大久保薫
262	水島康貴
263	水島康貴
264	中畑丈治
265	前田克樹
266	中山浩佑
267	安保一平
268	前田克樹
269	前田克樹
270	水島康貴
271	安保一平
272	籠島裕昌
273	Funta7
274	堀江晶太
275	藤澤健至
276	今泉洋
277	梅堀淳,スワベック・コバレフスキ
278	藤澤健至
279	斎藤悠弥,スナイパー院長
280	丘ナオキ
281	高木洋
282	高木洋
283	藤澤健至
284	籠島裕昌
285
286	大石憲一郎
287	大石憲一郎
288	大石憲一郎
289	大石憲一郎
290	大石憲一郎
291	塩崎容生
292	大石憲一郎
293	大石憲一郎
294	高梨康治
295	藤澤健至
296	高梨康治
297	藤澤健至
298
299
300
301
302
303
304
305
306