1	小杉保夫
2	佐藤直紀
3	浅田直
4	小杉保夫
5	渡辺宙明
6	佐藤直紀
7	小杉保夫
8	浅田直
9	浅田直
10	佐藤直紀
11	渡辺宙明
12	小杉保夫
13	松浦有希
14	Gaku Hirose
15	YOFFY
16	浅田直
17	佐藤直紀
18	まいたちひろ
19	小杉保夫
20	野中“まさ”雄一
21	横田乃理子
22	小杉保夫
23	矢部千秋
24	佐藤直紀
25	小杉保夫
26	佐藤直紀
27	間瀬公司
28	間瀬公司
29	前田克樹
30	小杉保夫
31	吉山隆之
32	前田克樹
33	小杉保夫
34	吉山隆之
35	浅田直
36	中畑丈治
37	松浦有希
38	大石憲一郎
39	中司雅美
40	小杉保夫
41	松浦有希
42	浅田直
43	佐藤直紀
44	小杉保夫
45	仲弓香乃
46	Mayu
47	池田森
48	大石憲一郎
49	小杉保夫
50	小杉保夫
51	浅田直
52	h-wonder
53	つんく
54	つんく
55	nishi-ken
56	小杉保夫
57	佐藤直紀
58	間瀬公司
59	小杉保夫
60	高取ヒデアキ
61	小杉保夫
62	高取ヒデアキ
63	うちやえゆか
64	小杉保夫
65	佐藤和郎
66	高取ヒデアキ
67	神津裕之
68	高木洋
69	小杉保夫
70	Mayu
71	佐藤和朗
72	浅田直
73	小杉保夫
74	百田忠正
75	高取ヒデアキ
76	岩切芳郎
77	うちやえゆか
78	小杉保夫
79	小杉保夫
80	高取ヒデアキ
81	小杉保夫
82	岩切芳郎
83	marhy
84	小杉保夫
85	間瀬公司
86	高取ヒデアキ
87	高木洋
88	岩切芳郎
89	前田克樹
90	うちやえゆか
91
92	間瀬公司
93	吉山隆之
94	mayu
95	前田克樹
96	神津裕之
97	浅田直
98	池田森
99	鶴田勇気
100	浅田直
101	高取ヒデアキ
102	岩切芳郎
103	池田森
104	前田克樹
105	浅田直
106	吉山隆之
107	前田克樹
108	池田森
109	岩切芳郎
110	間瀬公司
111	岩切芳郎
112	小杉保夫
113	小杉保夫
114	前田克樹
115	小杉保夫
116	押谷沙樹
117	岩切芳郎
118	前田克樹
119	浅田直
120	Mayu
121	小杉保夫
122	Silver Tabby
123	前田克樹
124	大石憲一郎
125	小杉保夫
126	浅田直
127	前田克樹
128	前田克樹
129	高取ヒデアキ
130	mayu
131	小杉保夫
132	間瀬公司
133	高橋ジョージ、岩川浩二
134
135
136
137
138
139
140	岩切芳郎
141	高取ヒデアキ
142	高取ヒデアキ
143	marhy
144	marhy
145	Funta7
146	Funta7
147	Funta7
148	Rie
149	草野よしひろ
150	高取ヒデアキ
151	marhy
152	草野よしひろ
153	matopy
154	伊藤心太郎
155	Funta3
156	Funta3
157	marhy
158	marhy
159	James Pierpont
160	Funta3
161	Funta3
162	高取ヒデアキ
163	marhy
164	高取ヒデアキ
165	marhy
166	高取ヒデアキ
167	marhy
168	高取ヒデアキ
169	高取ヒデアキ
170	高梨康治
171	高梨康治
172	高梨康治
173	高梨康治
174	高梨康治
175	UZA
176	高取ヒデアキ
177	林達志
178	笹本安詞
179	UZA
180	Funta7
181	高梨康治
182	笹本安詞
183	marhy
184	marhy
185	HI-D
186	笹本安詞
187	UZA
188	Funta7
189	Funta7
190	間瀬公司
191	高取ヒデアキ
192	高梨康治
193	高梨康治
194	高取ヒデアキ
195	高取ヒデアキ
196	高取ヒデアキ
197
198
199
200	marhy
201	marhy
202	高取ヒデアキ
203	山崎燿
204	高取ヒデアキ
205	UZA
206	間瀬公司
207	藤澤健至
208	笹本安詞
209	HI-D
210	YOFFY
211	高梨康治
212	Funta7
213	藤澤健至
214	HΛL
215	Funta7
216	UZA
217	Funta7
218	YOFFY
219	谷本貴義
220	笹本安詞
221	高取ヒデアキ
222	高取ヒデアキ
223	高梨康治
224	高取ヒデアキ
225	高取ヒデアキ
226	高取ヒデアキ
227	高梨康治
228	斎藤悠弥
229	藤澤健至
230	橋本由香利
231	高木洋,スワベック・コバレフスキ
232	岡部啓一
233	Funta7
234	笹本安詞
235	高取ヒデアキ
236	塚本けむ
237	斎藤悠弥
238	Loop-K
239	藤澤健至
240	小内喜文
241	山口朗彦
242	塚本けむ
243	山口朗彦
244	山口朗彦
245	山崎寛子
246	山崎寛子
247	藤澤健至
248	高梨康治
249	高取ヒデアキ
250	清岡千穂
251	Dr.Usui
252	Dr.Usui
253	Dr.Usui
254	清岡千穂
255	山口朗彦
256	山口朗彦
257	山崎寛子
258	山口朗彦
259	松田彬人
260	山口朗彦
261	山口朗彦
262	小杉保夫
263	浅田直
264	浅田直
265	小杉保夫
266	中山浩佑
267	林ももこ
268	間瀬公司
269	前田克樹
270	小杉保夫
271	林ももこ
272	高取ヒデアキ
273	Funta7
274	堀江晶太
275	藤澤健至
276	今泉洋
277	梅堀淳,スワベック・コバレフスキ
278	藤澤健至
279	斎藤悠弥
280	高取ヒデアキ
281	高木洋
282	高木洋
283	藤澤健至
284	小杉保夫
285
286	小杉保夫
287	岩崎貴文
288	小杉保夫
289
290	小杉保夫
291	小杉保夫
292	大石憲一郎
293
294	高梨康治
295	高梨康治
296	高梨康治
297	藤澤健至
298
299
300
301
302
303
304
305
306