1	青木久美子
2	青木久美子
3	青木久美子
4	青木久美子
5	里乃塚玲央
6	青木久美子
7	青木久美子
8	青木久美子
9	青木久美子
10	青木久美子
11	里乃塚玲央
12	東堂いづみ
13	青木久美子
14	青木久美子
15	YOFFY
16	青木久美子
17	青木久美子
18	六ツ見純代
19	六ツ見純代
20	青木久美子
21	青木久美子
22	青木久美子
23	矢部千秋
24	青木久美子
25	青木久美子
26	青木久美子
27	青木久美子
28	大森祥子
29	青木久美子
30	青木久美子
31	青木久美子
32	青木久美子
33	青木久美子
34	青木久美子
35	大森祥子
36	青木久美子
37	松浦有希
38	大森祥子
39	中司雅美
40	大森祥子
41	松浦有希
42	青木久美子
43	青木久美子
44	本名陽子
45	ゆかな
46	青木久美子
47	青木久美子
48	青木久美子
49	青木久美子
50	青木久美子
51	六ツ見純代
52	前田たかひろ
53	つんく
54	つんく
55	大森祥子
56	青木久美子
57	青木久美子
58	青木久美子
59	青木久美子
60	青木久美子
61	青木久美子
62	青木久美子
63	うちやえゆか
64	青木久美子
65	青木久美子
66	青木久美子
67	青木久美子
68	うちやえゆか
69	只野菜摘
70	Mayu
71	只野菜摘
72	青木久美子
73	青木久美子
74	只野菜摘
75	青木久美子
76	青木久美子
77	うちやえゆか
78	青木久美子
79	青木久美子
80	青木久美子
81	青木久美子
82	只野菜摘
83	佐々木美和
84	青木久美子
85	青木久美子
86	只野菜摘
87	うちやえゆか
88	只野菜摘
89	青木久美子
90	五條真由美
91
92	只野菜摘
93	只野菜摘
94	青木久美子
95	只野菜摘
96	青木久美子
97	青木久美子
98	只野菜摘
99	青木久美子
100	只野菜摘
101	只野菜摘
102	只野菜摘
103	只野菜摘
104	只野菜摘
105	只野菜摘
106	只野菜摘
107	只野菜摘
108	只野菜摘
109	只野菜摘
110	只野菜摘
111	青木久美子
112	青木久美子
113	青木久美子
114	只野菜摘
115	只野菜摘
116	只野菜摘
117	只野菜摘
118	只野菜摘
119	青木久美子
120	青木久美子
121	大森祥子
122	只野菜摘
123	青木久美子
124	只野菜摘
125	宮本佳那子
126	五條真由美
127	只野菜摘
128	工藤真由
129	うちやえゆか
130	青木久美子
131	青木久美子
132	只野菜摘
133	高橋ジョージ,岩川浩二
134
135
136
137
138
139
140	青木久美子
141	六ツ見純代
142	六ツ見純代
143	六ツ見純代
144	六ツ見純代
145	只野菜摘
146	青木久美子
147	只野菜摘
148	青木久美子
149	只野菜摘
150	六ツ見純代
151	六ツ見純代
152	六ツ見純代
153	青木久美子
154	六ツ見純代
155	只野菜摘
156	青木久美子
157	六ツ見純代,HIDEX
158	六ツ見純代
159	六ツ見純代
160	只野菜摘
161	青木久美子
162	六ツ見純代
163	Ananda Jacobs
164	六ツ見純代
165	六ツ見純代
166	六ツ見純代
167	六ツ見純代
168	六ツ見純代
169	青木久美子
170	六ツ見純代
171	六ツ見純代
172	六ツ見純代
173	六ツ見純代
174	六ツ見純代
175	六ツ見純代
176	青木久美子
177	ENA☆
178	ENA☆
179	六ツ見純代
180	Funta3
181	六ツ見純代
182	青木久美子
183	六ツ見純代
184	六ツ見純代
185	HI-D
186	青木久美子
187	六ツ見純代
188	Funta3
189	Funta3
190	磯谷佳江
191	青木久美子
192	六ツ見純代
193	六ツ見純代
194
195	六ツ見純代
196	六ツ見純代
197
198
199
200	六ツ見純代
201	六ツ見純代
202	六ツ見純代
203	六ツ見純代
204	六ツ見純代
205	青木久美子
206	磯谷佳江
207	青木久美子
208	瀬名恵
209	HI-D
210	磯谷佳江
211	六ツ見純代
212	Funta3
213	青木久美子
214	磯谷佳江
215	Funta3
216	六ツ見純代
217	Funta3
218	青木久美子
219	磯谷佳江
220	瀬名恵
221	六ツ見純代
222	六ツ見純代
223	Remi
224	六ツ見純代
225	実ノ里
226	六ツ見純代
227	青木久美子
228	実ノ里
229	磯谷佳江
230	実ノ里
231	瀬名恵
232	実ノ里
233	Funta3
234	青木久美子
235	六ツ見純代
236	塚本けむ
237	実ノ里
238	実ノ里
239	六ツ見純代
240	実ノ里
241	青木久美子
242	塚本けむ
243	青木久美子
244	六ツ見純代
245	山崎寛子
246	山崎寛子
247	六ツ見純代
248	六ツ見純代
249	六ツ見純代,実ノ里
250	藤林聖子
251	利根川貴之
252	利根川貴之
253	利根川貴之
254	六ツ見純代
255	実ノ里
256	六ツ見純代
257	青木久美子
258	青木久美子
259	うらん
260	実ノ里
261	六ツ見純代
262	只野菜摘
263	青木久美子
264	大森祥子
265	青木久美子
266	只野菜摘
267	青木久美子
268	只野菜摘
269	大森祥子
270	大森祥子
271	林ももこ
272	六ツ見純代
273	Funta3
274	実ノ里
275	六ツ見純代
276	木本慶子
277	瀬名恵
278	瀬名恵
279	実ノ里
280	六ツ見純代
281	Funta3
282	六ツ見純代
283	木本慶子
284	青木久美子
285
286	青木久美子
287	只野菜摘
288	青木久美子
289
290	青木久美子
291	青木久美子
292	只野菜摘
293
294	六ツ見純代
295	六ツ見純代
296	六ツ見純代
297	六ツ見純代
298
299
300
301
302
303
304
305
306